-- --------------------------------------------------------
-- Host:                         127.0.0.1
-- Server version:               5.6.14 - MySQL Community Server (GPL)
-- Server OS:                    Win64
-- HeidiSQL Version:             8.2.0.4675
-- --------------------------------------------------------

/*!40101 SET @OLD_CHARACTER_SET_CLIENT=@@CHARACTER_SET_CLIENT */;
/*!40101 SET NAMES utf8 */;
/*!40014 SET @OLD_FOREIGN_KEY_CHECKS=@@FOREIGN_KEY_CHECKS, FOREIGN_KEY_CHECKS=0 */;
/*!40101 SET @OLD_SQL_MODE=@@SQL_MODE, SQL_MODE='NO_AUTO_VALUE_ON_ZERO' */;

-- Dumping database structure for eshopdb
CREATE DATABASE IF NOT EXISTS `eshopdb` /*!40100 DEFAULT CHARACTER SET utf8 */;
USE `eshopdb`;


-- Dumping structure for table eshopdb.brand
CREATE TABLE IF NOT EXISTS `brand` (
  `id_brand` int(11) NOT NULL AUTO_INCREMENT,
  `brand_name` varchar(45) NOT NULL,
  PRIMARY KEY (`id_brand`)
) ENGINE=InnoDB AUTO_INCREMENT=21 DEFAULT CHARSET=utf8;

-- Dumping data for table eshopdb.brand: ~20 rows (approximately)
DELETE FROM `brand`;
/*!40000 ALTER TABLE `brand` DISABLE KEYS */;
INSERT INTO `brand` (`id_brand`, `brand_name`) VALUES
	(1, 'Samsung'),
	(2, 'HTC'),
	(3, 'Sony'),
	(4, 'Nokia'),
	(5, 'Apple'),
	(6, 'LG'),
	(7, 'Philips'),
	(8, 'Toshiba'),
	(9, 'Acer'),
	(10, 'Asus'),
	(11, 'MSI'),
	(12, 'Lenovo'),
	(13, 'HP'),
	(14, 'Logitech'),
	(15, 'Iiyama'),
	(16, 'Genius'),
	(17, 'Epson'),
	(18, 'Nikon'),
	(19, 'Canon'),
	(20, 'Western Digital');
/*!40000 ALTER TABLE `brand` ENABLE KEYS */;


-- Dumping structure for table eshopdb.customer
CREATE TABLE IF NOT EXISTS `customer` (
  `id_customer` int(11) NOT NULL AUTO_INCREMENT,
  `name` varchar(45) NOT NULL,
  `surname` varchar(45) NOT NULL,
  `mail_adress` varchar(45) NOT NULL,
  `adress` varchar(45) NOT NULL,
  `house_number` int(11) NOT NULL,
  `city` varchar(45) NOT NULL,
  `country` varchar(45) NOT NULL,
  `telephone_number` varchar(45) NOT NULL,
  PRIMARY KEY (`id_customer`)
) ENGINE=InnoDB AUTO_INCREMENT=16 DEFAULT CHARSET=utf8;

-- Dumping data for table eshopdb.customer: ~15 rows (approximately)
DELETE FROM `customer`;
/*!40000 ALTER TABLE `customer` DISABLE KEYS */;
INSERT INTO `customer` (`id_customer`, `name`, `surname`, `mail_adress`, `adress`, `house_number`, `city`, `country`, `telephone_number`) VALUES
	(1, 'Branislav', 'Fabián', 'fabianb@gmail.com', 'Bajzova', 7, 'Košíce', 'Slovensko', '+421910123456'),
	(2, 'Koloman', 'Husár', 'husark@gmail.com', 'Hlboká', 17, 'Zvolen', 'Slovensko', '+421912128146'),
	(3, 'Alojz', 'Abrahám', 'abrahama@gmail.com', 'Heydukova', 65, 'Bratislava', 'Slovensko', '+421914150256'),
	(4, 'Gejza', 'János', 'janosg@gmail.com', 'Ferenc utca', 10, 'Gyor', 'Maďarsko', '+421915123816'),
	(5, 'Jaroslav', 'Klokoč', 'klokocj@gmail.com', 'Hlavná', 55, 'Košíce', 'Slovensko', '+421916123606'),
	(6, 'Tibor', 'Rybár', 'rybart@gmail.com', 'Štefánikova', 33, 'Bratislava', 'Slovensko', '+421918123437'),
	(7, 'Boris', 'Rúfus', 'rufusb@gmail.com', 'Bratislavská', 20, 'Žilina', 'Slovensko', '+421901121456'),
	(8, 'Lukáš', 'Majeský', 'majeskyl@gmail.com', 'Prístavná', 66, 'Štúrovo', 'Slovensko', '+421936123456'),
	(9, 'Miroslav', 'Puškár', 'puskarm@gmail.com', 'Cádrová', 95, 'Bratislava', 'Slovensko', '+421948693456'),
	(10, 'Oleg', 'Wazowsky', 'wazowskyo@gmail.com', 'Sloneczna', 22, 'Krakow', 'Poľsko', '+421944166456'),
	(11, 'Drahoslav', 'Godunský', 'drahoslav.godunsky@gmail.com', 'Levanduľová', 14, 'Nové Mesto nad Váhom', 'Slovensko', '+421924687121'),
	(12, 'Radovan', 'Pálinský', 'radopalinsky@gmail.com', 'Jozefa Hronského', 25, 'Považská Bystrica', 'Slovensko', '+421258329614'),
	(13, 'Roman', 'Reško', 'roman.resko@gmail.com', 'Kvetná', 2, 'Tisovec', 'Slovensko', '+421753488617'),
	(14, 'Štefan', 'Daňa', 'pistadana@gmail.com', 'Kolárova', 32, 'Senec', 'Slovensko', '+421157344751'),
	(15, 'František', 'Brezovský', 'ferobrezovsky@gmail.com', 'Hurbanova', 11, 'Prešov', 'Slovensko', '+421498120778');
/*!40000 ALTER TABLE `customer` ENABLE KEYS */;


-- Dumping structure for table eshopdb.order
CREATE TABLE IF NOT EXISTS `order` (
  `id_order` int(11) NOT NULL AUTO_INCREMENT,
  `date` varchar(45) NOT NULL,
  `customer_id` int(11) DEFAULT NULL,
  PRIMARY KEY (`id_order`),
  KEY `customer_id` (`customer_id`),
  CONSTRAINT `order_ibfk_1` FOREIGN KEY (`customer_id`) REFERENCES `customer` (`id_customer`)
) ENGINE=InnoDB AUTO_INCREMENT=32 DEFAULT CHARSET=utf8;

-- Dumping data for table eshopdb.order: ~31 rows (approximately)
DELETE FROM `order`;
/*!40000 ALTER TABLE `order` DISABLE KEYS */;
INSERT INTO `order` (`id_order`, `date`, `customer_id`) VALUES
	(1, '2014-01-10', 1),
	(2, '2014-01-18', 6),
	(3, '2014-02-11', 2),
	(4, '2014-03-25', 7),
	(5, '2013-06-02', 3),
	(6, '2013-08-28', 3),
	(7, '2014-01-27', 3),
	(8, '2013-05-11', 4),
	(9, '2013-09-18', 4),
	(10, '2013-03-05', 5),
	(11, '2013-04-26', 5),
	(12, '2013-07-05', 5),
	(13, '2013-11-26', 6),
	(14, '2013-02-15', 8),
	(15, '2013-12-16', 8),
	(16, '2012-12-10', 9),
	(17, '2013-04-06', 9),
	(18, '2013-10-21', 9),
	(19, '2014-01-10', 9),
	(20, '2013-03-14', 10),
	(21, '2013-09-18', 10),
	(22, '2013-06-25', 11),
	(23, '2013-01-14', 12),
	(24, '2013-11-30', 12),
	(25, '2013-06-27', 13),
	(26, '2013-10-02', 13),
	(27, '2013-04-29', 14),
	(28, '2012-12-12', 15),
	(29, '2013-05-08', 15),
	(30, '2014-01-14', 15),
	(31, '2014-01-25', 1);
/*!40000 ALTER TABLE `order` ENABLE KEYS */;


-- Dumping structure for table eshopdb.payment
CREATE TABLE IF NOT EXISTS `payment` (
  `id_payment` int(11) NOT NULL AUTO_INCREMENT,
  `date` date NOT NULL,
  `amount` float NOT NULL,
  `order_id` int(11) NOT NULL,
  PRIMARY KEY (`id_payment`),
  KEY `order_id` (`order_id`),
  CONSTRAINT `payment_ibfk_1` FOREIGN KEY (`order_id`) REFERENCES `order` (`id_order`)
) ENGINE=InnoDB AUTO_INCREMENT=28 DEFAULT CHARSET=utf8;

-- Dumping data for table eshopdb.payment: ~27 rows (approximately)
DELETE FROM `payment`;
/*!40000 ALTER TABLE `payment` DISABLE KEYS */;
INSERT INTO `payment` (`id_payment`, `date`, `amount`, `order_id`) VALUES
	(1, '2014-01-10', 4095, 1),
	(2, '2014-02-10', 1069, 2),
	(3, '2013-08-28', 838, 5),
	(4, '2014-01-27', 2469, 6),
	(5, '2013-05-11', 260, 7),
	(6, '2013-09-18', 361, 8),
	(7, '2013-03-05', 605, 9),
	(8, '2013-04-26', 1282.6, 10),
	(9, '2013-07-05', 38.87, 11),
	(10, '2013-11-26', 106.8, 12),
	(11, '2013-02-15', 166.45, 13),
	(12, '2013-12-16', 469.76, 14),
	(13, '2012-12-10', 2138.9, 15),
	(14, '2013-04-06', 137.99, 16),
	(15, '2013-10-21', 948.9, 17),
	(16, '2014-01-10', 122.87, 18),
	(17, '2013-03-14', 343.98, 19),
	(18, '2013-09-18', 435.99, 20),
	(19, '2013-06-25', 488.9, 21),
	(20, '2013-01-14', 4699.9, 22),
	(21, '2013-11-30', 1879.87, 23),
	(22, '2013-06-27', 68.98, 24),
	(23, '2013-10-02', 239.8, 25),
	(24, '2013-04-29', 312.08, 26),
	(25, '2012-12-12', 1589.8, 27),
	(26, '2013-05-08', 334.54, 28),
	(27, '2014-01-14', 225.5, 29);
/*!40000 ALTER TABLE `payment` ENABLE KEYS */;


-- Dumping structure for table eshopdb.product
CREATE TABLE IF NOT EXISTS `product` (
  `id_product` int(11) NOT NULL AUTO_INCREMENT,
  `name` varchar(45) NOT NULL,
  `color` varchar(45) NOT NULL,
  `brand_id` int(11) NOT NULL,
  `product_type_id` int(11) NOT NULL,
  PRIMARY KEY (`id_product`),
  KEY `brand_id` (`brand_id`),
  KEY `product_type_id` (`product_type_id`),
  CONSTRAINT `product_ibfk_1` FOREIGN KEY (`brand_id`) REFERENCES `brand` (`id_brand`),
  CONSTRAINT `product_ibfk_2` FOREIGN KEY (`product_type_id`) REFERENCES `product_type` (`id_product_type`)
) ENGINE=InnoDB AUTO_INCREMENT=77 DEFAULT CHARSET=utf8;

-- Dumping data for table eshopdb.product: ~76 rows (approximately)
DELETE FROM `product`;
/*!40000 ALTER TABLE `product` DISABLE KEYS */;
INSERT INTO `product` (`id_product`, `name`, `color`, `brand_id`, `product_type_id`) VALUES
	(1, 'E2481HS', 'čierna', 15, 1),
	(2, 'XB2780HSU', 'čierna', 15, 1),
	(3, 'E2483HS', 'čierna', 15, 1),
	(4, 'X2485WS', 'čierna', 15, 1),
	(5, 'XB2483HSU', 'čierna', 15, 1),
	(6, 'VE247H', 'čierna', 10, 1),
	(7, 'VE228HR', 'čierna', 10, 1),
	(8, 'MX299Q', 'strieborná', 10, 1),
	(9, 'VG248QE', 'čierna', 10, 1),
	(10, 'B276HULymiidprz', 'šedá', 9, 1),
	(11, 'V246HLbmd', 'čierna', 9, 1),
	(12, 'G276HLDbid', 'čierna', 9, 1),
	(13, 'Lumia 1520', 'čierna', 4, 2),
	(14, 'Lumia 925', 'strieborná', 4, 2),
	(15, 'Lumia 520', 'čierna', 4, 2),
	(16, 'Lumia 1020', 'žltá', 4, 2),
	(17, 'Asha 503', 'čierna', 4, 2),
	(18, 'Galaxy S3 Mini', 'biela', 1, 2),
	(19, 'Galaxy S3', 'biela', 1, 2),
	(20, 'Galaxy S4 Mini', 'biela', 1, 2),
	(21, 'Galaxy S4', 'biela', 1, 2),
	(22, 'Galaxy Note 3', 'čierna', 1, 2),
	(23, 'Galaxy Note 2', 'čierna', 1, 2),
	(24, 'Galaxy Ace 2', 'čierna', 1, 2),
	(25, 'Xperia M', 'biela', 3, 2),
	(26, 'Xperia Z', 'čierna', 3, 2),
	(27, 'Xperia Miro', 'čierna', 3, 2),
	(28, 'G2 16GB', 'čierna', 6, 2),
	(29, 'Optimus L7', 'biela', 6, 2),
	(30, 'Optimus L4', 'čierna', 6, 2),
	(31, 'VAIO Tap 11', 'biela', 3, 3),
	(32, 'VAIO Pro 13', 'čierna', 3, 3),
	(33, 'VAIO Fit 13A', 'strieborná', 3, 3),
	(34, 'G750JX', 'čierna', 10, 3),
	(35, 'Transformer Trio TX201LA', 'čierna', 10, 3),
	(36, 'Zenbook UX32VD', 'strieborná', 10, 3),
	(37, 'VivoBook Touch S200E', 'strieborná', 10, 3),
	(38, 'IdeaPad Yoga 13', 'orandžová', 12, 3),
	(39, 'IdeaPad Yoga 2 Pro', 'strieborná', 12, 3),
	(40, 'ThinkPad Edge E540', 'čierna', 12, 3),
	(41, 'IdeaPad Z510', 'biela', 12, 3),
	(42, 'Pavilion 15', 'čierna', 13, 3),
	(43, 'ENVY 17', 'strieborná', 13, 3),
	(44, 'EliteBook 840', 'strieborná', 13, 3),
	(45, 'ProBook 450', 'strieborná', 13, 3),
	(46, 'MacBook Pro 13 Retina', 'strieborná', 5, 3),
	(47, 'MacBook Air 13', 'strieborná', 5, 3),
	(48, 'G500s', 'čierna', 14, 4),
	(49, 'G600', 'čierna', 14, 4),
	(50, 'G510s', 'čierna', 14, 5),
	(51, 'KB-G265', 'čierna', 16, 5),
	(52, 'SW-G2.1 3000', 'čierna', 16, 6),
	(53, 'SW-HF 2.1 1700', 'čierna', 16, 6),
	(54, 'SW-2.1 800', 'čierna', 16, 6),
	(55, 'SL-C460W', 'Strieborná', 1, 7),
	(56, 'M1132', 'Čierna', 13, 7),
	(57, 'M175nw', 'Čierna', 13, 7),
	(58, 'EB-S18', 'Biela', 17, 8),
	(59, 'EH-TW550', 'Čierna', 17, 8),
	(60, 'EB-965', 'Biela', 17, 8),
	(61, 'V37', 'Čierna', 17, 9),
	(62, 'DS-510N', 'Čierna', 17, 9),
	(63, '32PFL4208H', 'Čierna', 7, 10),
	(64, '55PFL7008K', 'Čierna', 7, 10),
	(65, '22PFL3108H', 'Čierna', 7, 10),
	(66, '40PFL4418H', 'Čierna', 7, 10),
	(67, 'D7000', 'Čierna', 18, 11),
	(68, 'D610', 'Čierna', 18, 11),
	(69, 'S110', 'Čierna', 19, 11),
	(70, 'EOS 6D', 'Čierna', 19, 11),
	(71, 'PMW-EX1', 'Čierna', 3, 12),
	(72, 'NEX VG-30E', 'Čierna', 3, 12),
	(73, 'HVR-Z5E', 'Čierna', 3, 12),
	(74, 'HXR-NX5E', 'Čierna', 3, 12),
	(75, 'WD20EFRX', 'Čierna', 20, 13),
	(76, 'WD10EFRX', 'Čierna', 20, 13);
/*!40000 ALTER TABLE `product` ENABLE KEYS */;


-- Dumping structure for table eshopdb.product_order
CREATE TABLE IF NOT EXISTS `product_order` (
  `id_product_order` int(11) NOT NULL AUTO_INCREMENT,
  `order_id` int(11) NOT NULL,
  `product_id` int(11) NOT NULL,
  PRIMARY KEY (`id_product_order`),
  KEY `order_id` (`order_id`),
  KEY `product_id` (`product_id`),
  CONSTRAINT `product_order_ibfk_1` FOREIGN KEY (`order_id`) REFERENCES `order` (`id_order`),
  CONSTRAINT `product_order_ibfk_2` FOREIGN KEY (`product_id`) REFERENCES `product` (`id_product`)
) ENGINE=InnoDB AUTO_INCREMENT=50 DEFAULT CHARSET=utf8;

-- Dumping data for table eshopdb.product_order: ~49 rows (approximately)
DELETE FROM `product_order`;
/*!40000 ALTER TABLE `product_order` DISABLE KEYS */;
INSERT INTO `product_order` (`id_product_order`, `order_id`, `product_id`) VALUES
	(1, 1, 28),
	(2, 1, 68),
	(3, 1, 46),
	(4, 2, 29),
	(5, 2, 44),
	(6, 3, 21),
	(7, 4, 36),
	(8, 5, 40),
	(9, 5, 76),
	(10, 6, 61),
	(11, 6, 70),
	(12, 7, 4),
	(13, 8, 50),
	(14, 8, 55),
	(15, 9, 13),
	(16, 10, 32),
	(17, 11, 53),
	(18, 12, 49),
	(19, 12, 51),
	(20, 13, 65),
	(21, 14, 26),
	(22, 15, 76),
	(23, 15, 72),
	(24, 15, 63),
	(25, 16, 11),
	(26, 17, 35),
	(27, 18, 50),
	(28, 19, 58),
	(29, 20, 8),
	(30, 21, 52),
	(31, 21, 28),
	(32, 22, 73),
	(33, 23, 46),
	(34, 23, 10),
	(35, 24, 48),
	(36, 25, 56),
	(37, 25, 51),
	(38, 25, 75),
	(39, 26, 3),
	(40, 26, 3),
	(41, 27, 34),
	(42, 27, 55),
	(43, 27, 49),
	(44, 27, 50),
	(45, 28, 59),
	(46, 28, 62),
	(47, 29, 69),
	(48, 29, 52),
	(49, 30, 12);
/*!40000 ALTER TABLE `product_order` ENABLE KEYS */;


-- Dumping structure for table eshopdb.product_price
CREATE TABLE IF NOT EXISTS `product_price` (
  `id_product_price` int(11) NOT NULL AUTO_INCREMENT,
  `price` float NOT NULL,
  `date_from` date NOT NULL,
  `date_to` date DEFAULT NULL,
  `product_id` int(11) NOT NULL,
  PRIMARY KEY (`id_product_price`),
  KEY `product_id` (`product_id`),
  CONSTRAINT `product_price_ibfk_1` FOREIGN KEY (`product_id`) REFERENCES `product` (`id_product`)
) ENGINE=InnoDB AUTO_INCREMENT=609 DEFAULT CHARSET=utf8;

-- Dumping data for table eshopdb.product_price: ~608 rows (approximately)
DELETE FROM `product_price`;
/*!40000 ALTER TABLE `product_price` DISABLE KEYS */;
INSERT INTO `product_price` (`id_product_price`, `price`, `date_from`, `date_to`, `product_id`) VALUES
	(1, 181.82, '2014-02-01', NULL, 1),
	(2, 319.18, '2014-02-01', NULL, 2),
	(3, 158.01, '2014-02-01', NULL, 3),
	(4, 260.41, '2014-02-01', NULL, 4),
	(5, 197.13, '2014-02-01', NULL, 5),
	(6, 152.35, '2014-02-01', NULL, 6),
	(7, 112.34, '2014-02-01', NULL, 7),
	(8, 455.74, '2014-02-01', NULL, 8),
	(9, 307.12, '2014-02-01', NULL, 9),
	(10, 487.5, '2014-02-01', NULL, 10),
	(11, 158.61, '2014-02-01', NULL, 11),
	(12, 223.57, '2014-02-01', NULL, 12),
	(13, 604.35, '2014-02-01', NULL, 13),
	(14, 352.25, '2014-02-01', NULL, 14),
	(15, 135.34, '2014-02-01', NULL, 15),
	(16, 578.24, '2014-02-01', NULL, 16),
	(17, 92.14, '2014-02-01', NULL, 17),
	(18, 211.32, '2014-02-01', NULL, 18),
	(19, 353.47, '2014-02-01', NULL, 19),
	(20, 347.24, '2014-02-01', NULL, 20),
	(21, 577.17, '2014-02-01', NULL, 21),
	(22, 667.63, '2014-02-01', NULL, 22),
	(23, 461.78, '2014-02-01', NULL, 23),
	(24, 163.36, '2014-02-01', NULL, 24),
	(25, 200, '2014-02-01', NULL, 25),
	(26, 461.21, '2014-02-01', NULL, 26),
	(27, 143.78, '2014-02-01', NULL, 27),
	(28, 421.52, '2014-02-01', NULL, 28),
	(29, 175.97, '2014-02-01', NULL, 29),
	(30, 104.52, '2014-02-01', NULL, 30),
	(31, 848.67, '2014-02-01', NULL, 31),
	(32, 1254.23, '2014-02-01', NULL, 32),
	(33, 1546.84, '2014-02-01', NULL, 33),
	(34, 1163.47, '2014-02-01', NULL, 34),
	(35, 945.36, '2014-02-01', NULL, 35),
	(36, 1035.05, '2014-02-01', NULL, 36),
	(37, 444.33, '2014-02-01', NULL, 37),
	(38, 1145.47, '2014-02-01', NULL, 38),
	(39, 1473.47, '2014-02-01', NULL, 39),
	(40, 779.24, '2014-02-01', NULL, 40),
	(41, 757.44, '2014-02-01', NULL, 41),
	(42, 557.61, '2014-02-01', NULL, 42),
	(43, 997.78, '2014-02-01', NULL, 43),
	(44, 891.35, '2014-02-01', NULL, 44),
	(45, 356.72, '2014-02-01', NULL, 45),
	(46, 1375.98, '2014-02-01', NULL, 46),
	(47, 1010.1, '2014-02-01', NULL, 47),
	(48, 65.4, '2014-02-01', NULL, 48),
	(49, 78.49, '2014-02-01', NULL, 49),
	(50, 117.34, '2014-02-01', NULL, 50),
	(51, 23.98, '2014-02-01', NULL, 51),
	(52, 57.84, '2014-02-01', NULL, 52),
	(53, 34.17, '2014-02-01', NULL, 53),
	(54, 21.73, '2014-02-01', NULL, 54),
	(55, 231.21, '2014-02-01', NULL, 55),
	(56, 107.36, '2014-02-01', NULL, 56),
	(57, 278.65, '2014-02-01', NULL, 57),
	(58, 342.85, '2014-02-01', NULL, 58),
	(59, 578.29, '2014-02-01', NULL, 59),
	(60, 714.28, '2014-02-01', NULL, 60),
	(61, 66.71, '2014-02-01', NULL, 61),
	(62, 597.54, '2014-02-01', NULL, 62),
	(63, 295.35, '2014-02-01', NULL, 63),
	(64, 1221.43, '2014-02-01', NULL, 64),
	(65, 160.24, '2014-02-01', NULL, 65),
	(66, 467.31, '2014-02-01', NULL, 66),
	(67, 752.28, '2014-02-01', NULL, 67),
	(68, 2287.02, '2014-02-01', NULL, 68),
	(69, 267.87, '2014-02-01', NULL, 69),
	(70, 2373.54, '2014-02-01', NULL, 70),
	(71, 5890.65, '2014-02-01', NULL, 71),
	(72, 1773.07, '2014-02-01', NULL, 72),
	(73, 4665.9, '2014-02-01', NULL, 73),
	(74, 3758.31, '2014-02-01', NULL, 74),
	(75, 97.19, '2014-02-01', NULL, 75),
	(76, 63.09, '2014-02-01', NULL, 76),
	(77, 182.04, '2013-12-01', '2014-01-31', 1),
	(78, 320.48, '2013-12-01', '2014-01-31', 2),
	(79, 157.04, '2013-12-01', '2014-01-31', 3),
	(80, 260.26, '2013-12-01', '2014-01-31', 4),
	(81, 197.3, '2013-12-01', '2014-01-31', 5),
	(82, 148.18, '2013-12-01', '2014-01-31', 6),
	(83, 115.8, '2013-12-01', '2014-01-31', 7),
	(84, 456.44, '2013-12-01', '2014-01-31', 8),
	(85, 307.97, '2013-12-01', '2014-01-31', 9),
	(86, 488, '2013-12-01', '2014-01-31', 10),
	(87, 150, '2013-12-01', '2014-01-31', 11),
	(88, 225, '2013-12-01', '2014-01-31', 12),
	(89, 609.14, '2013-12-01', '2014-01-31', 13),
	(90, 352.99, '2013-12-01', '2014-01-31', 14),
	(91, 135.28, '2013-12-01', '2014-01-31', 15),
	(92, 578.75, '2013-12-01', '2014-01-31', 16),
	(93, 92.38, '2013-12-01', '2014-01-31', 17),
	(94, 211.57, '2013-12-01', '2014-01-31', 18),
	(95, 355.03, '2013-12-01', '2014-01-31', 19),
	(96, 347.86, '2013-12-01', '2014-01-31', 20),
	(97, 577.4, '2013-12-01', '2014-01-31', 21),
	(98, 670.48, '2013-12-01', '2014-01-31', 22),
	(99, 461.62, '2013-12-01', '2014-01-31', 23),
	(100, 163.43, '2013-12-01', '2014-01-31', 24),
	(101, 201.07, '2013-12-01', '2014-01-31', 25),
	(102, 461.54, '2013-12-01', '2014-01-31', 26),
	(103, 145.32, '2013-12-01', '2014-01-31', 27),
	(104, 422.12, '2013-12-01', '2014-01-31', 28),
	(105, 176.51, '2013-12-01', '2014-01-31', 29),
	(106, 105.77, '2013-12-01', '2014-01-31', 30),
	(107, 849, '2013-12-01', '2014-01-31', 31),
	(108, 1254.62, '2013-12-01', '2014-01-31', 32),
	(109, 1549, '2013-12-01', '2014-01-31', 33),
	(110, 1164.08, '2013-12-01', '2014-01-31', 34),
	(111, 946.92, '2013-12-01', '2014-01-31', 35),
	(112, 1035.72, '2013-12-01', '2014-01-31', 36),
	(113, 444.98, '2013-12-01', '2014-01-31', 37),
	(114, 1149, '2013-12-01', '2014-01-31', 38),
	(115, 1479, '2013-12-01', '2014-01-31', 39),
	(116, 779.92, '2013-12-01', '2014-01-31', 40),
	(117, 759, '2013-12-01', '2014-01-31', 41),
	(118, 559, '2013-12-01', '2014-01-31', 42),
	(119, 999, '2013-12-01', '2014-01-31', 43),
	(120, 891.71, '2013-12-01', '2014-01-31', 44),
	(121, 356.47, '2013-12-01', '2014-01-31', 45),
	(122, 1373.63, '2013-12-01', '2014-01-31', 46),
	(123, 1011.96, '2013-12-01', '2014-01-31', 47),
	(124, 66.2, '2013-12-01', '2014-01-31', 48),
	(125, 78.55, '2013-12-01', '2014-01-31', 49),
	(126, 117.86, '2013-12-01', '2014-01-31', 50),
	(127, 24.38, '2013-12-01', '2014-01-31', 51),
	(128, 58, '2013-12-01', '2014-01-31', 52),
	(129, 34.49, '2013-12-01', '2014-01-31', 53),
	(130, 21.97, '2013-12-01', '2014-01-31', 54),
	(131, 232.78, '2013-12-01', '2014-01-31', 55),
	(132, 108.55, '2013-12-01', '2014-01-31', 56),
	(133, 279, '2013-12-01', '2014-01-31', 57),
	(134, 343.49, '2013-12-01', '2014-01-31', 58),
	(135, 578.75, '2013-12-01', '2014-01-31', 59),
	(136, 716.71, '2013-12-01', '2014-01-31', 60),
	(137, 64.51, '2013-12-01', '2014-01-31', 61),
	(138, 601.22, '2013-12-01', '2014-01-31', 62),
	(139, 300.06, '2013-12-01', '2014-01-31', 63),
	(140, 1230.26, '2013-12-01', '2014-01-31', 64),
	(141, 162.52, '2013-12-01', '2014-01-31', 65),
	(142, 468.46, '2013-12-01', '2014-01-31', 66),
	(143, 755.87, '2013-12-01', '2014-01-31', 67),
	(144, 2299, '2013-12-01', '2014-01-31', 68),
	(145, 266.18, '2013-12-01', '2014-01-31', 69),
	(146, 2379, '2013-12-01', '2014-01-31', 70),
	(147, 5892.88, '2013-12-01', '2014-01-31', 71),
	(148, 1774.26, '2013-12-01', '2014-01-31', 72),
	(149, 4675.07, '2013-12-01', '2014-01-31', 73),
	(150, 3764.88, '2013-12-01', '2014-01-31', 74),
	(151, 97.69, '2013-12-01', '2014-01-31', 75),
	(152, 63.36, '2013-12-01', '2014-01-31', 76),
	(153, 202.15, '2013-10-01', '2013-11-30', 1),
	(154, 305.36, '2013-10-01', '2013-11-30', 2),
	(155, 156.48, '2013-10-01', '2013-11-30', 3),
	(156, 259.32, '2013-10-01', '2013-11-30', 4),
	(157, 206.28, '2013-10-01', '2013-11-30', 5),
	(158, 142.03, '2013-10-01', '2013-11-30', 6),
	(159, 109.49, '2013-10-01', '2013-11-30', 7),
	(160, 442.78, '2013-10-01', '2013-11-30', 8),
	(161, 306.85, '2013-10-01', '2013-11-30', 9),
	(162, 489, '2013-10-01', '2013-11-30', 10),
	(163, 139, '2013-10-01', '2013-11-30', 11),
	(164, 225, '2013-10-01', '2013-11-30', 12),
	(165, 606.94, '2013-10-01', '2013-11-30', 13),
	(166, 356.9, '2013-10-01', '2013-11-30', 14),
	(167, 136.68, '2013-10-01', '2013-11-30', 15),
	(168, 546.48, '2013-10-01', '2013-11-30', 16),
	(169, 89.8, '2013-10-01', '2013-11-30', 17),
	(170, 211.87, '2013-10-01', '2013-11-30', 18),
	(171, 356.25, '2013-10-01', '2013-11-30', 19),
	(172, 349.45, '2013-10-01', '2013-11-30', 20),
	(173, 579.15, '2013-10-01', '2013-11-30', 21),
	(174, 673.37, '2013-10-01', '2013-11-30', 22),
	(175, 449.97, '2013-10-01', '2013-11-30', 23),
	(176, 168.65, '2013-10-01', '2013-11-30', 24),
	(177, 193.14, '2013-10-01', '2013-11-30', 25),
	(178, 461.98, '2013-10-01', '2013-11-30', 26),
	(179, 145.12, '2013-10-01', '2013-11-30', 27),
	(180, 422.78, '2013-10-01', '2013-11-30', 28),
	(181, 174.88, '2013-10-01', '2013-11-30', 29),
	(182, 105.37, '2013-10-01', '2013-11-30', 30),
	(183, 847.56, '2013-10-01', '2013-11-30', 31),
	(184, 1253.91, '2013-10-01', '2013-11-30', 32),
	(185, 1545, '2013-10-01', '2013-11-30', 33),
	(186, 1163.2, '2013-10-01', '2013-11-30', 34),
	(187, 946.18, '2013-10-01', '2013-11-30', 35),
	(188, 1035.61, '2013-10-01', '2013-11-30', 36),
	(189, 444.41, '2013-10-01', '2013-11-30', 37),
	(190, 1129.99, '2013-10-01', '2013-11-30', 38),
	(191, 1465.84, '2013-10-01', '2013-11-30', 39),
	(192, 775.43, '2013-10-01', '2013-11-30', 40),
	(193, 753.51, '2013-10-01', '2013-11-30', 41),
	(194, 554.67, '2013-10-01', '2013-11-30', 42),
	(195, 1008.35, '2013-10-01', '2013-11-30', 43),
	(196, 894.31, '2013-10-01', '2013-11-30', 44),
	(197, 346.87, '2013-10-01', '2013-11-30', 45),
	(198, 1383.89, '2013-10-01', '2013-11-30', 46),
	(199, 996.14, '2013-10-01', '2013-11-30', 47),
	(200, 68.3, '2013-10-01', '2013-11-30', 48),
	(201, 79.65, '2013-10-01', '2013-11-30', 49),
	(202, 122.64, '2013-10-01', '2013-11-30', 50),
	(203, 19.9, '2013-10-01', '2013-11-30', 51),
	(204, 59.6, '2013-10-01', '2013-11-30', 52),
	(205, 35.43, '2013-10-01', '2013-11-30', 53),
	(206, 20.45, '2013-10-01', '2013-11-30', 54),
	(207, 227.64, '2013-10-01', '2013-11-30', 55),
	(208, 119.3, '2013-10-01', '2013-11-30', 56),
	(209, 287.3, '2013-10-01', '2013-11-30', 57),
	(210, 353.47, '2013-10-01', '2013-11-30', 58),
	(211, 582.84, '2013-10-01', '2013-11-30', 59),
	(212, 720.7, '2013-10-01', '2013-11-30', 60),
	(213, 65.03, '2013-10-01', '2013-11-30', 61),
	(214, 602.41, '2013-10-01', '2013-11-30', 62),
	(215, 279.65, '2013-10-01', '2013-11-30', 63),
	(216, 1236.65, '2013-10-01', '2013-11-30', 64),
	(217, 166.45, '2013-10-01', '2013-11-30', 65),
	(218, 466.49, '2013-10-01', '2013-11-30', 66),
	(219, 757.72, '2013-10-01', '2013-11-30', 67),
	(220, 2350.8, '2013-10-01', '2013-11-30', 68),
	(221, 269.6, '2013-10-01', '2013-11-30', 69),
	(222, 2403.48, '2013-10-01', '2013-11-30', 70),
	(223, 5894.32, '2013-10-01', '2013-11-30', 71),
	(224, 1779.45, '2013-10-01', '2013-11-30', 72),
	(225, 4676, '2013-10-01', '2013-11-30', 73),
	(226, 3765.12, '2013-10-01', '2013-11-30', 74),
	(227, 98.08, '2013-10-01', '2013-11-30', 75),
	(228, 63.7, '2013-10-01', '2013-11-30', 76),
	(229, 202.3, '2013-08-01', '2013-09-30', 1),
	(230, 304.89, '2013-08-01', '2013-09-30', 2),
	(231, 157.6, '2013-08-01', '2013-09-30', 3),
	(232, 262.45, '2013-08-01', '2013-09-30', 4),
	(233, 209.4, '2013-08-01', '2013-09-30', 5),
	(234, 141.22, '2013-08-01', '2013-09-30', 6),
	(235, 100, '2013-08-01', '2013-09-30', 7),
	(236, 440.9, '2013-08-01', '2013-09-30', 8),
	(237, 307.95, '2013-08-01', '2013-09-30', 9),
	(238, 492.6, '2013-08-01', '2013-09-30', 10),
	(239, 137.4, '2013-08-01', '2013-09-30', 11),
	(240, 224.6, '2013-08-01', '2013-09-30', 12),
	(241, 605.44, '2013-08-01', '2013-09-30', 13),
	(242, 354.8, '2013-08-01', '2013-09-30', 14),
	(243, 137.98, '2013-08-01', '2013-09-30', 15),
	(244, 543.48, '2013-08-01', '2013-09-30', 16),
	(245, 89.4, '2013-08-01', '2013-09-30', 17),
	(246, 211.67, '2013-08-01', '2013-09-30', 18),
	(247, 356.85, '2013-08-01', '2013-09-30', 19),
	(248, 348.35, '2013-08-01', '2013-09-30', 20),
	(249, 576.45, '2013-08-01', '2013-09-30', 21),
	(250, 672.17, '2013-08-01', '2013-09-30', 22),
	(251, 444.37, '2013-08-01', '2013-09-30', 23),
	(252, 158.66, '2013-08-01', '2013-09-30', 24),
	(253, 198.64, '2013-08-01', '2013-09-30', 25),
	(254, 464.28, '2013-08-01', '2013-09-30', 26),
	(255, 142.46, '2013-08-01', '2013-09-30', 27),
	(256, 425.62, '2013-08-01', '2013-09-30', 28),
	(257, 173.61, '2013-08-01', '2013-09-30', 29),
	(258, 106.45, '2013-08-01', '2013-09-30', 30),
	(259, 842.81, '2013-08-01', '2013-09-30', 31),
	(260, 1252.52, '2013-08-01', '2013-09-30', 32),
	(261, 1546.58, '2013-08-01', '2013-09-30', 33),
	(262, 1164.26, '2013-08-01', '2013-09-30', 34),
	(263, 945.78, '2013-08-01', '2013-09-30', 35),
	(264, 1034.91, '2013-08-01', '2013-09-30', 36),
	(265, 441.51, '2013-08-01', '2013-09-30', 37),
	(266, 1131.23, '2013-08-01', '2013-09-30', 38),
	(267, 1466.05, '2013-08-01', '2013-09-30', 39),
	(268, 776.03, '2013-08-01', '2013-09-30', 40),
	(269, 754.62, '2013-08-01', '2013-09-30', 41),
	(270, 554.78, '2013-08-01', '2013-09-30', 42),
	(271, 1009.6, '2013-08-01', '2013-09-30', 43),
	(272, 890.49, '2013-08-01', '2013-09-30', 44),
	(273, 345.8, '2013-08-01', '2013-09-30', 45),
	(274, 1383.59, '2013-08-01', '2013-09-30', 46),
	(275, 995.64, '2013-08-01', '2013-09-30', 47),
	(276, 69.4, '2013-08-01', '2013-09-30', 48),
	(277, 81.78, '2013-08-01', '2013-09-30', 49),
	(278, 125.79, '2013-08-01', '2013-09-30', 50),
	(279, 22.4, '2013-08-01', '2013-09-30', 51),
	(280, 61.3, '2013-08-01', '2013-09-30', 52),
	(281, 36.15, '2013-08-01', '2013-09-30', 53),
	(282, 22.64, '2013-08-01', '2013-09-30', 54),
	(283, 226.81, '2013-08-01', '2013-09-30', 55),
	(284, 112.46, '2013-08-01', '2013-09-30', 56),
	(285, 292.63, '2013-08-01', '2013-09-30', 57),
	(286, 352.59, '2013-08-01', '2013-09-30', 58),
	(287, 589.15, '2013-08-01', '2013-09-30', 59),
	(288, 729.62, '2013-08-01', '2013-09-30', 60),
	(289, 65.76, '2013-08-01', '2013-09-30', 61),
	(290, 603.11, '2013-08-01', '2013-09-30', 62),
	(291, 280.13, '2013-08-01', '2013-09-30', 63),
	(292, 1223, '2013-08-01', '2013-09-30', 64),
	(293, 167.89, '2013-08-01', '2013-09-30', 65),
	(294, 467.5, '2013-08-01', '2013-09-30', 66),
	(295, 757.2, '2013-08-01', '2013-09-30', 67),
	(296, 2352.3, '2013-08-01', '2013-09-30', 68),
	(297, 268.9, '2013-08-01', '2013-09-30', 69),
	(298, 2401.17, '2013-08-01', '2013-09-30', 70),
	(299, 5885.62, '2013-08-01', '2013-09-30', 71),
	(300, 1787.69, '2013-08-01', '2013-09-30', 72),
	(301, 4678.15, '2013-08-01', '2013-09-30', 73),
	(302, 3766.89, '2013-08-01', '2013-09-30', 74),
	(303, 98.18, '2013-08-01', '2013-09-30', 75),
	(304, 63.87, '2013-08-01', '2013-09-30', 76),
	(305, 202.36, '2013-06-01', '2013-07-31', 1),
	(306, 304.97, '2013-06-01', '2013-07-31', 2),
	(307, 157.7, '2013-06-01', '2013-07-31', 3),
	(308, 262.02, '2013-06-01', '2013-07-31', 4),
	(309, 209.87, '2013-06-01', '2013-07-31', 5),
	(310, 136.02, '2013-06-01', '2013-07-31', 6),
	(311, 104.38, '2013-06-01', '2013-07-31', 7),
	(312, 434.39, '2013-06-01', '2013-07-31', 8),
	(313, 306.48, '2013-06-01', '2013-07-31', 9),
	(314, 484.2, '2013-06-01', '2013-07-31', 10),
	(315, 135.78, '2013-06-01', '2013-07-31', 11),
	(316, 225.02, '2013-06-01', '2013-07-31', 12),
	(317, 604.36, '2013-06-01', '2013-07-31', 13),
	(318, 355.85, '2013-06-01', '2013-07-31', 14),
	(319, 139.02, '2013-06-01', '2013-07-31', 15),
	(320, 546.14, '2013-06-01', '2013-07-31', 16),
	(321, 90.79, '2013-06-01', '2013-07-31', 17),
	(322, 211.89, '2013-06-01', '2013-07-31', 18),
	(323, 357.12, '2013-06-01', '2013-07-31', 19),
	(324, 349.45, '2013-06-01', '2013-07-31', 20),
	(325, 575.3, '2013-06-01', '2013-07-31', 21),
	(326, 673.8, '2013-06-01', '2013-07-31', 22),
	(327, 446.4, '2013-06-01', '2013-07-31', 23),
	(328, 161.02, '2013-06-01', '2013-07-31', 24),
	(329, 210, '2013-06-01', '2013-07-31', 25),
	(330, 466.4, '2013-06-01', '2013-07-31', 26),
	(331, 140.79, '2013-06-01', '2013-07-31', 27),
	(332, 425.96, '2013-06-01', '2013-07-31', 28),
	(333, 173.87, '2013-06-01', '2013-07-31', 29),
	(334, 107.3, '2013-06-01', '2013-07-31', 30),
	(335, 845.54, '2013-06-01', '2013-07-31', 31),
	(336, 1253.4, '2013-06-01', '2013-07-31', 32),
	(337, 1565.14, '2013-06-01', '2013-07-31', 33),
	(338, 1172.32, '2013-06-01', '2013-07-31', 34),
	(339, 946, '2013-06-01', '2013-07-31', 35),
	(340, 1031.04, '2013-06-01', '2013-07-31', 36),
	(341, 440.82, '2013-06-01', '2013-07-31', 37),
	(342, 1145.78, '2013-06-01', '2013-07-31', 38),
	(343, 1497.1, '2013-06-01', '2013-07-31', 39),
	(344, 773.78, '2013-06-01', '2013-07-31', 40),
	(345, 755.32, '2013-06-01', '2013-07-31', 41),
	(346, 553.98, '2013-06-01', '2013-07-31', 42),
	(347, 1015.69, '2013-06-01', '2013-07-31', 43),
	(348, 892.54, '2013-06-01', '2013-07-31', 44),
	(349, 346.98, '2013-06-01', '2013-07-31', 45),
	(350, 1385.62, '2013-06-01', '2013-07-31', 46),
	(351, 994.2, '2013-06-01', '2013-07-31', 47),
	(352, 68.92, '2013-06-01', '2013-07-31', 48),
	(353, 82.2, '2013-06-01', '2013-07-31', 49),
	(354, 131.53, '2013-06-01', '2013-07-31', 50),
	(355, 22.78, '2013-06-01', '2013-07-31', 51),
	(356, 61.9, '2013-06-01', '2013-07-31', 52),
	(357, 37.3, '2013-06-01', '2013-07-31', 53),
	(358, 22.97, '2013-06-01', '2013-07-31', 54),
	(359, 227.21, '2013-06-01', '2013-07-31', 55),
	(360, 115.43, '2013-06-01', '2013-07-31', 56),
	(361, 291.93, '2013-06-01', '2013-07-31', 57),
	(362, 353.49, '2013-06-01', '2013-07-31', 58),
	(363, 589.65, '2013-06-01', '2013-07-31', 59),
	(364, 732.65, '2013-06-01', '2013-07-31', 60),
	(365, 66.47, '2013-06-01', '2013-07-31', 61),
	(366, 605.2, '2013-06-01', '2013-07-31', 62),
	(367, 283.65, '2013-06-01', '2013-07-31', 63),
	(368, 1229.48, '2013-06-01', '2013-07-31', 64),
	(369, 168.9, '2013-06-01', '2013-07-31', 65),
	(370, 468.47, '2013-06-01', '2013-07-31', 66),
	(371, 759.03, '2013-06-01', '2013-07-31', 67),
	(372, 2369.17, '2013-06-01', '2013-07-31', 68),
	(373, 269.4, '2013-06-01', '2013-07-31', 69),
	(374, 2450.6, '2013-06-01', '2013-07-31', 70),
	(375, 5886.89, '2013-06-01', '2013-07-31', 71),
	(376, 1789.6, '2013-06-01', '2013-07-31', 72),
	(377, 4699.9, '2013-06-01', '2013-07-31', 73),
	(378, 3768.1, '2013-06-01', '2013-07-31', 74),
	(379, 100.78, '2013-06-01', '2013-07-31', 75),
	(380, 64.87, '2013-06-01', '2013-07-31', 76),
	(381, 202.79, '2013-04-01', '2013-05-31', 1),
	(382, 305.12, '2013-04-01', '2013-05-31', 2),
	(383, 162.18, '2013-04-01', '2013-05-31', 3),
	(384, 263.92, '2013-04-01', '2013-05-31', 4),
	(385, 212.36, '2013-04-01', '2013-05-31', 5),
	(386, 136.87, '2013-04-01', '2013-05-31', 6),
	(387, 105.04, '2013-04-01', '2013-05-31', 7),
	(388, 434.79, '2013-04-01', '2013-05-31', 8),
	(389, 307.86, '2013-04-01', '2013-05-31', 9),
	(390, 484.7, '2013-04-01', '2013-05-31', 10),
	(391, 136.3, '2013-04-01', '2013-05-31', 11),
	(392, 226.72, '2013-04-01', '2013-05-31', 12),
	(393, 604.61, '2013-04-01', '2013-05-31', 13),
	(394, 356.24, '2013-04-01', '2013-05-31', 14),
	(395, 142.29, '2013-04-01', '2013-05-31', 15),
	(396, 557.3, '2013-04-01', '2013-05-31', 16),
	(397, 91.14, '2013-04-01', '2013-05-31', 17),
	(398, 212.36, '2013-04-01', '2013-05-31', 18),
	(399, 352.78, '2013-04-01', '2013-05-31', 19),
	(400, 356.48, '2013-04-01', '2013-05-31', 20),
	(401, 576.23, '2013-04-01', '2013-05-31', 21),
	(402, 675.9, '2013-04-01', '2013-05-31', 22),
	(403, 446.63, '2013-04-01', '2013-05-31', 23),
	(404, 161.72, '2013-04-01', '2013-05-31', 24),
	(405, 212.45, '2013-04-01', '2013-05-31', 25),
	(406, 468.04, '2013-04-01', '2013-05-31', 26),
	(407, 141.06, '2013-04-01', '2013-05-31', 27),
	(408, 427.25, '2013-04-01', '2013-05-31', 28),
	(409, 176.34, '2013-04-01', '2013-05-31', 29),
	(410, 107.8, '2013-04-01', '2013-05-31', 30),
	(411, 847.3, '2013-04-01', '2013-05-31', 31),
	(412, 1278.14, '2013-04-01', '2013-05-31', 32),
	(413, 1598.36, '2013-04-01', '2013-05-31', 33),
	(414, 1142.25, '2013-04-01', '2013-05-31', 34),
	(415, 948.29, '2013-04-01', '2013-05-31', 35),
	(416, 1049.45, '2013-04-01', '2013-05-31', 36),
	(417, 442.01, '2013-04-01', '2013-05-31', 37),
	(418, 1200, '2013-04-01', '2013-05-31', 38),
	(419, 1550.1, '2013-04-01', '2013-05-31', 39),
	(420, 770, '2013-04-01', '2013-05-31', 40),
	(421, 756.02, '2013-04-01', '2013-05-31', 41),
	(422, 555.55, '2013-04-01', '2013-05-31', 42),
	(423, 1018.9, '2013-04-01', '2013-05-31', 43),
	(424, 902.87, '2013-04-01', '2013-05-31', 44),
	(425, 348.05, '2013-04-01', '2013-05-31', 45),
	(426, 1390.45, '2013-04-01', '2013-05-31', 46),
	(427, 995.8, '2013-04-01', '2013-05-31', 47),
	(428, 69.02, '2013-04-01', '2013-05-31', 48),
	(429, 80.1, '2013-04-01', '2013-05-31', 49),
	(430, 132.62, '2013-04-01', '2013-05-31', 50),
	(431, 23.8, '2013-04-01', '2013-05-31', 51),
	(432, 62.2, '2013-04-01', '2013-05-31', 52),
	(433, 38.6, '2013-04-01', '2013-05-31', 53),
	(434, 23.06, '2013-04-01', '2013-05-31', 54),
	(435, 228.3, '2013-04-01', '2013-05-31', 55),
	(436, 115.98, '2013-04-01', '2013-05-31', 56),
	(437, 292.58, '2013-04-01', '2013-05-31', 57),
	(438, 354.53, '2013-04-01', '2013-05-31', 58),
	(439, 590.9, '2013-04-01', '2013-05-31', 59),
	(440, 733.5, '2013-04-01', '2013-05-31', 60),
	(441, 67.32, '2013-04-01', '2013-05-31', 61),
	(442, 605.7, '2013-04-01', '2013-05-31', 62),
	(443, 283.94, '2013-04-01', '2013-05-31', 63),
	(444, 1235.64, '2013-04-01', '2013-05-31', 64),
	(445, 170.41, '2013-04-01', '2013-05-31', 65),
	(446, 470.56, '2013-04-01', '2013-05-31', 66),
	(447, 761.47, '2013-04-01', '2013-05-31', 67),
	(448, 2373.42, '2013-04-01', '2013-05-31', 68),
	(449, 272.17, '2013-04-01', '2013-05-31', 69),
	(450, 2456.83, '2013-04-01', '2013-05-31', 70),
	(451, 5894.36, '2013-04-01', '2013-05-31', 71),
	(452, 1792.84, '2013-04-01', '2013-05-31', 72),
	(453, 4763.32, '2013-04-01', '2013-05-31', 73),
	(454, 3773.5, '2013-04-01', '2013-05-31', 74),
	(455, 102.6, '2013-04-01', '2013-05-31', 75),
	(456, 65.08, '2013-04-01', '2013-05-31', 76),
	(457, 203.71, '2013-02-01', '2013-03-31', 1),
	(458, 305.82, '2013-02-01', '2013-03-31', 2),
	(459, 163.65, '2013-02-01', '2013-03-31', 3),
	(460, 264.8, '2013-02-01', '2013-03-31', 4),
	(461, 213.65, '2013-02-01', '2013-03-31', 5),
	(462, 137.5, '2013-02-01', '2013-03-31', 6),
	(463, 106.13, '2013-02-01', '2013-03-31', 7),
	(464, 435.16, '2013-02-01', '2013-03-31', 8),
	(465, 308.7, '2013-02-01', '2013-03-31', 9),
	(466, 480.65, '2013-02-01', '2013-03-31', 10),
	(467, 137.18, '2013-02-01', '2013-03-31', 11),
	(468, 228.24, '2013-02-01', '2013-03-31', 12),
	(469, 606.32, '2013-02-01', '2013-03-31', 13),
	(470, 358.42, '2013-02-01', '2013-03-31', 14),
	(471, 143.17, '2013-02-01', '2013-03-31', 15),
	(472, 559.4, '2013-02-01', '2013-03-31', 16),
	(473, 93.92, '2013-02-01', '2013-03-31', 17),
	(474, 212.96, '2013-02-01', '2013-03-31', 18),
	(475, 353.81, '2013-02-01', '2013-03-31', 19),
	(476, 357.39, '2013-02-01', '2013-03-31', 20),
	(477, 580.51, '2013-02-01', '2013-03-31', 21),
	(478, 672.6, '2013-02-01', '2013-03-31', 22),
	(479, 443.48, '2013-02-01', '2013-03-31', 23),
	(480, 163.15, '2013-02-01', '2013-03-31', 24),
	(481, 212.86, '2013-02-01', '2013-03-31', 25),
	(482, 469.37, '2013-02-01', '2013-03-31', 26),
	(483, 142.56, '2013-02-01', '2013-03-31', 27),
	(484, 428.57, '2013-02-01', '2013-03-31', 28),
	(485, 177.31, '2013-02-01', '2013-03-31', 29),
	(486, 108.9, '2013-02-01', '2013-03-31', 30),
	(487, 848.71, '2013-02-01', '2013-03-31', 31),
	(488, 1282.36, '2013-02-01', '2013-03-31', 32),
	(489, 1599.92, '2013-02-01', '2013-03-31', 33),
	(490, 1146.85, '2013-02-01', '2013-03-31', 34),
	(491, 949.93, '2013-02-01', '2013-03-31', 35),
	(492, 1052.59, '2013-02-01', '2013-03-31', 36),
	(493, 442.83, '2013-02-01', '2013-03-31', 37),
	(494, 1203.63, '2013-02-01', '2013-03-31', 38),
	(495, 1553.95, '2013-02-01', '2013-03-31', 39),
	(496, 771.35, '2013-02-01', '2013-03-31', 40),
	(497, 757.64, '2013-02-01', '2013-03-31', 41),
	(498, 555.87, '2013-02-01', '2013-03-31', 42),
	(499, 1019.02, '2013-02-01', '2013-03-31', 43),
	(500, 903.7, '2013-02-01', '2013-03-31', 44),
	(501, 346.25, '2013-02-01', '2013-03-31', 45),
	(502, 1391.65, '2013-02-01', '2013-03-31', 46),
	(503, 996.3, '2013-02-01', '2013-03-31', 47),
	(504, 70.32, '2013-02-01', '2013-03-31', 48),
	(505, 81.2, '2013-02-01', '2013-03-31', 49),
	(506, 133.21, '2013-02-01', '2013-03-31', 50),
	(507, 23.17, '2013-02-01', '2013-03-31', 51),
	(508, 63.05, '2013-02-01', '2013-03-31', 52),
	(509, 39.61, '2013-02-01', '2013-03-31', 53),
	(510, 23.46, '2013-02-01', '2013-03-31', 54),
	(511, 229.64, '2013-02-01', '2013-03-31', 55),
	(512, 116.82, '2013-02-01', '2013-03-31', 56),
	(513, 293.41, '2013-02-01', '2013-03-31', 57),
	(514, 355.33, '2013-02-01', '2013-03-31', 58),
	(515, 592.85, '2013-02-01', '2013-03-31', 59),
	(516, 734.83, '2013-02-01', '2013-03-31', 60),
	(517, 67.69, '2013-02-01', '2013-03-31', 61),
	(518, 606.48, '2013-02-01', '2013-03-31', 62),
	(519, 285.03, '2013-02-01', '2013-03-31', 63),
	(520, 1238.14, '2013-02-01', '2013-03-31', 64),
	(521, 171.15, '2013-02-01', '2013-03-31', 65),
	(522, 471.27, '2013-02-01', '2013-03-31', 66),
	(523, 764.35, '2013-02-01', '2013-03-31', 67),
	(524, 2374.02, '2013-02-01', '2013-03-31', 68),
	(525, 272.79, '2013-02-01', '2013-03-31', 69),
	(526, 2457.32, '2013-02-01', '2013-03-31', 70),
	(527, 5898.9, '2013-02-01', '2013-03-31', 71),
	(528, 1810.62, '2013-02-01', '2013-03-31', 72),
	(529, 4768.64, '2013-02-01', '2013-03-31', 73),
	(530, 3785.08, '2013-02-01', '2013-03-31', 74),
	(531, 102.97, '2013-02-01', '2013-03-31', 75),
	(532, 65.73, '2013-02-01', '2013-03-31', 76),
	(533, 186.18, '2012-12-01', '2013-01-31', 1),
	(534, 300, '2012-12-01', '2013-01-31', 2),
	(535, 164.58, '2012-12-01', '2013-01-31', 3),
	(536, 258.43, '2012-12-01', '2013-01-31', 4),
	(537, 214.82, '2012-12-01', '2013-01-31', 5),
	(538, 129.89, '2012-12-01', '2013-01-31', 6),
	(539, 106.93, '2012-12-01', '2013-01-31', 7),
	(540, 435.72, '2012-12-01', '2013-01-31', 8),
	(541, 310.21, '2012-12-01', '2013-01-31', 9),
	(542, 483.8, '2012-12-01', '2013-01-31', 10),
	(543, 137.72, '2012-12-01', '2013-01-31', 11),
	(544, 230.8, '2012-12-01', '2013-01-31', 12),
	(545, 607.25, '2012-12-01', '2013-01-31', 13),
	(546, 359.83, '2012-12-01', '2013-01-31', 14),
	(547, 144.78, '2012-12-01', '2013-01-31', 15),
	(548, 549.21, '2012-12-01', '2013-01-31', 16),
	(549, 89.26, '2012-12-01', '2013-01-31', 17),
	(550, 209.18, '2012-12-01', '2013-01-31', 18),
	(551, 349.27, '2012-12-01', '2013-01-31', 19),
	(552, 358.61, '2012-12-01', '2013-01-31', 20),
	(553, 581.83, '2012-12-01', '2013-01-31', 21),
	(554, 673.56, '2012-12-01', '2013-01-31', 22),
	(555, 438.48, '2012-12-01', '2013-01-31', 23),
	(556, 164.58, '2012-12-01', '2013-01-31', 24),
	(557, 205.79, '2012-12-01', '2013-01-31', 25),
	(558, 473.45, '2012-12-01', '2013-01-31', 26),
	(559, 143.66, '2012-12-01', '2013-01-31', 27),
	(560, 422.85, '2012-12-01', '2013-01-31', 28),
	(561, 178.61, '2012-12-01', '2013-01-31', 29),
	(562, 109.28, '2012-12-01', '2013-01-31', 30),
	(563, 837.17, '2012-12-01', '2013-01-31', 31),
	(564, 1259.32, '2012-12-01', '2013-01-31', 32),
	(565, 1602.32, '2012-12-01', '2013-01-31', 33),
	(566, 1135.34, '2012-12-01', '2013-01-31', 34),
	(567, 952.34, '2012-12-01', '2013-01-31', 35),
	(568, 1047.87, '2012-12-01', '2013-01-31', 36),
	(569, 443.24, '2012-12-01', '2013-01-31', 37),
	(570, 1204.58, '2012-12-01', '2013-01-31', 38),
	(571, 1557.48, '2012-12-01', '2013-01-31', 39),
	(572, 772.65, '2012-12-01', '2013-01-31', 40),
	(573, 756.32, '2012-12-01', '2013-01-31', 41),
	(574, 556.95, '2012-12-01', '2013-01-31', 42),
	(575, 1000.5, '2012-12-01', '2013-01-31', 43),
	(576, 900.1, '2012-12-01', '2013-01-31', 44),
	(577, 348.69, '2012-12-01', '2013-01-31', 45),
	(578, 1395.98, '2012-12-01', '2013-01-31', 46),
	(579, 997.45, '2012-12-01', '2013-01-31', 47),
	(580, 72.67, '2012-12-01', '2013-01-31', 48),
	(581, 82.04, '2012-12-01', '2013-01-31', 49),
	(582, 133.82, '2012-12-01', '2013-01-31', 50),
	(583, 24.08, '2012-12-01', '2013-01-31', 51),
	(584, 63.83, '2012-12-01', '2013-01-31', 52),
	(585, 39.87, '2012-12-01', '2013-01-31', 53),
	(586, 24.64, '2012-12-01', '2013-01-31', 54),
	(587, 230.56, '2012-12-01', '2013-01-31', 55),
	(588, 104.63, '2012-12-01', '2013-01-31', 56),
	(589, 285.6, '2012-12-01', '2013-01-31', 57),
	(590, 347.87, '2012-12-01', '2013-01-31', 58),
	(591, 593.25, '2012-12-01', '2013-01-31', 59),
	(592, 735.25, '2012-12-01', '2013-01-31', 60),
	(593, 62.21, '2012-12-01', '2013-01-31', 61),
	(594, 579.45, '2012-12-01', '2013-01-31', 62),
	(595, 286.78, '2012-12-01', '2013-01-31', 63),
	(596, 1202.63, '2012-12-01', '2013-01-31', 64),
	(597, 172.87, '2012-12-01', '2013-01-31', 65),
	(598, 472.57, '2012-12-01', '2013-01-31', 66),
	(599, 758.65, '2012-12-01', '2013-01-31', 67),
	(600, 2360.25, '2012-12-01', '2013-01-31', 68),
	(601, 273.52, '2012-12-01', '2013-01-31', 69),
	(602, 2448.32, '2012-12-01', '2013-01-31', 70),
	(603, 5845.17, '2012-12-01', '2013-01-31', 71),
	(604, 1801.32, '2012-12-01', '2013-01-31', 72),
	(605, 4740.28, '2012-12-01', '2013-01-31', 73),
	(606, 3787.3, '2012-12-01', '2013-01-31', 74),
	(607, 104.05, '2012-12-01', '2013-01-31', 75),
	(608, 66.31, '2012-12-01', '2013-01-31', 76);
/*!40000 ALTER TABLE `product_price` ENABLE KEYS */;


-- Dumping structure for table eshopdb.product_type
CREATE TABLE IF NOT EXISTS `product_type` (
  `id_product_type` int(11) NOT NULL AUTO_INCREMENT,
  `name` varchar(45) NOT NULL,
  PRIMARY KEY (`id_product_type`)
) ENGINE=InnoDB AUTO_INCREMENT=14 DEFAULT CHARSET=utf8;

-- Dumping data for table eshopdb.product_type: ~13 rows (approximately)
DELETE FROM `product_type`;
/*!40000 ALTER TABLE `product_type` DISABLE KEYS */;
INSERT INTO `product_type` (`id_product_type`, `name`) VALUES
	(1, 'monitor'),
	(2, 'smartphone'),
	(3, 'notebook'),
	(4, 'myš'),
	(5, 'klávesnica'),
	(6, 'reproduktory'),
	(7, 'tlačiareň'),
	(8, 'projektor'),
	(9, 'skener'),
	(10, 'televízor'),
	(11, 'fotoaparát'),
	(12, 'kamera'),
	(13, 'harddisk');
/*!40000 ALTER TABLE `product_type` ENABLE KEYS */;


-- Dumping structure for table eshopdb.shipment
CREATE TABLE IF NOT EXISTS `shipment` (
  `id_shipment` int(11) NOT NULL AUTO_INCREMENT,
  `ship_date` date NOT NULL,
  `status` tinyint(1) NOT NULL,
  `shipment_type_id` int(11) NOT NULL,
  `order_id` int(11) NOT NULL,
  PRIMARY KEY (`id_shipment`),
  KEY `shipment_type_id` (`shipment_type_id`),
  KEY `order_id` (`order_id`),
  CONSTRAINT `shipment_ibfk_1` FOREIGN KEY (`shipment_type_id`) REFERENCES `shipment_type` (`id_shipment_type`),
  CONSTRAINT `shipment_ibfk_2` FOREIGN KEY (`order_id`) REFERENCES `order` (`id_order`)
) ENGINE=InnoDB AUTO_INCREMENT=30 DEFAULT CHARSET=utf8;

-- Dumping data for table eshopdb.shipment: ~29 rows (approximately)
DELETE FROM `shipment`;
/*!40000 ALTER TABLE `shipment` DISABLE KEYS */;
INSERT INTO `shipment` (`id_shipment`, `ship_date`, `status`, `shipment_type_id`, `order_id`) VALUES
	(1, '2014-01-10', 1, 3, 1),
	(2, '2014-02-10', 1, 3, 1),
	(3, '2014-01-18', 1, 3, 2),
	(4, '2013-06-02', 1, 3, 5),
	(5, '2013-08-28', 1, 3, 6),
	(6, '2014-01-27', 1, 1, 7),
	(7, '2013-05-11', 1, 3, 8),
	(8, '2013-09-18', 1, 3, 9),
	(9, '2013-03-05', 1, 3, 10),
	(10, '2013-04-26', 1, 1, 11),
	(11, '2013-07-05', 1, 3, 12),
	(12, '2013-11-26', 1, 3, 13),
	(13, '2013-02-15', 1, 3, 14),
	(14, '2013-12-16', 1, 3, 15),
	(15, '2012-12-10', 1, 3, 16),
	(16, '2013-04-06', 1, 1, 17),
	(17, '2013-10-21', 1, 3, 18),
	(18, '2014-01-10', 1, 3, 19),
	(19, '2013-03-14', 1, 3, 20),
	(20, '2013-09-18', 1, 3, 21),
	(21, '2013-06-25', 1, 3, 22),
	(22, '2013-01-14', 1, 3, 23),
	(23, '2013-11-30', 1, 3, 24),
	(24, '2013-06-27', 1, 3, 25),
	(25, '2013-10-02', 1, 3, 26),
	(26, '2013-04-29', 1, 3, 27),
	(27, '2012-12-12', 1, 1, 28),
	(28, '2013-05-08', 1, 2, 29),
	(29, '2014-01-14', 1, 3, 30);
/*!40000 ALTER TABLE `shipment` ENABLE KEYS */;


-- Dumping structure for table eshopdb.shipment_type
CREATE TABLE IF NOT EXISTS `shipment_type` (
  `id_shipment_type` int(11) NOT NULL AUTO_INCREMENT,
  `name` varchar(45) NOT NULL,
  `price` float NOT NULL,
  PRIMARY KEY (`id_shipment_type`)
) ENGINE=InnoDB AUTO_INCREMENT=7 DEFAULT CHARSET=utf8;

-- Dumping data for table eshopdb.shipment_type: ~3 rows (approximately)
DELETE FROM `shipment_type`;
/*!40000 ALTER TABLE `shipment_type` DISABLE KEYS */;
INSERT INTO `shipment_type` (`id_shipment_type`, `name`, `price`) VALUES
	(1, 'Osobný odber', 0),
	(2, 'Slovenská pošta', 3.9),
	(3, 'UPS', 4.85);
/*!40000 ALTER TABLE `shipment_type` ENABLE KEYS */;
/*!40101 SET SQL_MODE=IFNULL(@OLD_SQL_MODE, '') */;
/*!40014 SET FOREIGN_KEY_CHECKS=IF(@OLD_FOREIGN_KEY_CHECKS IS NULL, 1, @OLD_FOREIGN_KEY_CHECKS) */;
/*!40101 SET CHARACTER_SET_CLIENT=@OLD_CHARACTER_SET_CLIENT */;
